method,policy,tag,seed,acc,ece,trainable_pct,avg_step_time_s,peak_mem_bytes,edgescore
hybrid_layerwise,deep_lora,,0,12.49,0.06571826057434083,0.02818348623853211,0.30485872051599994,4167106048.0,-52.81295080503962
lora,n.a.,,0,11.87,0.05978369195461273,0.06764036697247706,0.4482298226612608,5681205760.0,-147.23283452713684
norm,n.a.,,0,7.03,0.03465389782190323,0.008807339449541284,0.22319887910047762,3231160832.0,1.8143006478154338
hybrid_layers,even_lora,,0,14.84,0.07766676807403565,0.054957798165137614,0.34809008583693246,4359430144.0,-75.44498320169652
hybrid_layers,odd_lora,,0,15.47,0.0816186625957489,0.054957798165137614,0.3497791564677987,4555774464.0,-80.16531567053488
